The municipality subsequently promulgated an ordinance which effectively prohibited the construction of additional residential structures within the designated floodplain.	The town made a new rule. No one could build new homes near the river.
Notwithstanding considerable opposition from agricultural stakeholders, the legislature ratified the amendment governing irrigation entitlements in the northern territories.	Many farmers did not like it. But the new law on water rights was passed.
The investigation concluded that the deterioration of the embankment was attributable to prolonged saturation combined with inadequate maintenance procedures.	The bank broke because it was wet for a long time. No one fixed it.
Archaeologists have hypothesised that the settlement was abandoned following a protracted period of climatic instability during the late Bronze Age.	The town was left empty. The weather had been bad for many years.
The compound demonstrates significant antimicrobial activity against several resistant bacterial strains, although its mechanism of action remains incompletely characterised.	The drug kills some germs that other drugs cannot kill. We do not know how it works.
Subsequent to the reorganisation, administrative responsibility for the archive was transferred to the department of cultural heritage.	After the change, a new group took care of the old papers.
The treaty stipulated that neither signatory would establish fortifications within the demilitarised corridor adjacent to the disputed frontier.	The two sides agreed not to build forts near the border.
Economists attribute the persistent stagnation to a combination of diminished capital investment and unfavourable demographic trends.	The economy is slow. People spend less money and there are fewer young workers.
The manuscript, which is believed to have been transcribed in the twelfth century, contains numerous annotations in a later hand.	The old book was written about eight hundred years ago. Someone added notes later.
Meteorological records indicate that precipitation in the catchment has declined appreciably over the preceding three decades.	There is less rain now than there was thirty years ago.
The commission recommended that the existing regulatory framework be substantially revised to accommodate emerging financial instruments.	The group said the old rules should be changed. New kinds of money need new rules.
His resignation was precipitated by allegations concerning the misappropriation of funds allocated to the reconstruction programme.	He left his job. People said he took money that was not his.
The species is distinguished from its congeners by the pronounced asymmetry of its dorsal fin and its distinctive coloration.	This fish has a strange fin. Its colours are also easy to see.
Parliamentary procedure requires that any amendment be circulated to members not less than fourteen days prior to deliberation.	Members must get a copy of the change two weeks before they talk about it.
The excavation yielded a substantial assemblage of ceramic fragments, the majority of which have been provisionally dated to the Roman occupation.	They found many bits of old pots. Most of them are very old.
Critics contended that the adaptation departed considerably from the thematic preoccupations of the original novel.	Some people did not like the film. They said the book was better.
The corporation subsequently divested itself of its manufacturing subsidiaries in order to concentrate upon pharmaceutical research.	The company sold its factories. Now it only makes new drugs.
Longitudinal studies have demonstrated a correlation between prolonged exposure to particulate matter and diminished respiratory capacity.	People who breathe dirty air for a long time cannot breathe as well later.
The judgment established that a municipality bears no liability for injuries sustained on land which it does not actively maintain.	The court said the town does not have to pay. The town does not look after that land.
Owing to the prohibitive expense of restoration, the structure was permitted to deteriorate until its eventual demolition.	It cost too much to fix. So the building fell down and was pulled down.
The report enumerated several deficiencies in the procurement process, including insufficient documentation of competitive tendering.	The report found problems with the way things were bought. Some papers were missing.
Ethnographic accounts suggest that the ceremony functioned principally as a mechanism for reinforcing kinship obligations.	The party helped families stay close. That was its main job.
The apparatus permits the simultaneous measurement of thermal conductivity and electrical resistivity under controlled atmospheric conditions.	The tool can measure heat and power at the same time.
Negotiations were suspended indefinitely after the delegation withdrew its previously articulated concessions regarding tariff reductions.	The talks stopped. One side took back what it had offered on taxes.
The dissertation examines the extent to which industrialisation transformed patterns of domestic labour in provincial towns.	The paper looks at how new factories changed work in the home.
Sedimentary deposits in the region provide compelling evidence of repeated glaciation throughout the Pleistocene epoch.	Rocks in this place show that ice covered the land many times.
The institution was subsequently amalgamated with a neighbouring college, notwithstanding sustained resistance from its alumni.	The school joined a school nearby. Many old students were unhappy.
Contemporary commentators regarded the reforms as insufficiently comprehensive to address the underlying structural inequities.	People at the time said the changes were too small. The real problems stayed.
The compound fractures observed in the specimen are consistent with catastrophic failure under cyclic loading.	The metal broke because it was bent again and again.
Municipal authorities have acknowledged that the existing drainage infrastructure is inadequate for anticipated precipitation extremes.	The town says its drains are too small for heavy rain.
The composer's later works exhibit an increasing preoccupation with modal harmony and irregular metrical organisation.	His later music uses old scales. The beat is often uneven.
Litigation concerning the disputed easement continued for eleven years before the parties reached a negotiated settlement.	The two sides fought about the path for eleven years. Then they agreed.
The survey established that a substantial proportion of respondents were unaware of their statutory entitlements.	Many people did not know what help they could get.
Restoration of the fresco was complicated by previous interventions employing chemically incompatible consolidants.	Fixing the wall painting was hard. The wrong glue had been used before.
The reactor was decommissioned prematurely following the identification of corrosion within the primary coolant circuit.	They shut the plant early. Rust was found in the water pipes.
Historians remain divided regarding the extent to which the uprising was coordinated rather than spontaneous.	Some say the fight was planned. Others say it just happened.
The legislation imposes stringent obligations upon operators concerning the disclosure of environmental incidents.	The law says firms must tell people when they harm the land.
Analysis of the isotopic composition indicates that the individuals were not indigenous to the region in which they were interred.	Tests show these people came from somewhere else. They were buried here.
The proposal was ultimately abandoned after the anticipated expenditure exceeded the original estimate by a considerable margin.	They gave up the plan. It cost far more than they thought.
Prolonged administration of the medication may precipitate adverse haematological effects necessitating periodic monitoring.	If you take this drug for a long time, your blood must be checked.
The architectural vocabulary of the building reflects the pervasive influence of continental modernism upon interwar civic design.	The building looks like other buildings from that time in Europe.
Fluctuations in the exchange rate rendered the projected revenues from the concession highly unreliable.	Money changed value fast. So no one knew what the deal would earn.
The tribunal determined that the dismissal had been procedurally defective notwithstanding the substantive justification advanced.	The court said the firm had a good reason. But it did not follow the rules.
Palaeobotanical evidence indicates a transition from deciduous woodland to open grassland during the intervening millennium.	Old plants show the forest turned into grassland over a thousand years.
The organisation was subsequently proscribed on the grounds that its activities constituted an incitement to civil disorder.	The group was banned. People said it made others break the law.
Deterioration of the coastal defences has been exacerbated by the progressive depletion of offshore sediment reserves.	The sea wall is getting worse. There is less sand under the water now.
The scheme was criticised for its failure to accommodate the requirements of individuals with restricted mobility.	People said the plan forgot about those who cannot walk well.
Comparative analysis of the two manuscripts reveals substantial divergence in orthography and in the treatment of proper nouns.	The two old books are different. They spell words in different ways.
The company subsequently acknowledged that its projections had been predicated upon unrealistic assumptions regarding demand.	The company said its guesses were wrong. It thought people would buy more.
Excessive abstraction from the aquifer has resulted in a measurable reduction of the piezometric surface.	Too much water was taken out. Now the water under the ground is lower.
The convention obliges signatories to establish independent mechanisms for the investigation of alleged violations.	Countries that sign must set up a fair way to look into problems.
Intermittent volcanic activity has repeatedly interrupted agricultural production throughout the recorded history of the island.	The volcano keeps erupting. Farmers on the island lose crops again and again.
The pamphlet advanced an argument for the abolition of hereditary privilege which was considered inflammatory at the time.	The small book said rich families should lose their power. Many were angry.
Reconstruction of the vessel's trajectory was hampered by the fragmentary nature of the surviving navigational records.	It is hard to say where the ship went. Few of its records are left.
The regulation distinguishes between substances which are inherently hazardous and those which become hazardous upon degradation.	Some things are always dangerous. Others become dangerous when they break down.
Enrolment in the programme declined precipitously following the introduction of substantially increased tuition charges.	Fewer people joined the course after the fees went up a lot.
The theory postulates that linguistic divergence accelerated markedly during periods of geographical isolation.	The idea is that languages change faster when people live far apart.
Insufficient ventilation within the shaft was subsequently identified as the proximate cause of the accumulation.	There was not enough air in the tunnel. That is why the gas built up.
The endowment was administered by trustees whose discretionary powers were circumscribed by the original bequest.	Trustees looked after the money. The gift said what they could do with it.
Sustained hostilities in the border provinces displaced an estimated quarter of a million inhabitants.	The fighting near the border made about 250,000 people leave their homes.
